<?xml version="1.0" encoding="UTF-8"?>
<project-private xmlns="http://www.netbeans.org/ns/project-private/1">
    <editor-bookmarks xmlns="http://www.netbeans.org/ns/editor-bookmarks/2" lastBookmarkId="0"/>
    <open-files xmlns="http://www.netbeans.org/ns/projectui-open-files/2">
        <group>
            <file>file:/C:/Users/Colin/Desktop/CS3330%20Projects/CjffqwMVCStopwatchFXMLF21/src/cjffqwmvcstopwatchfxmlf21/ModelAnalog.java</file>
            <file>file:/C:/Users/Colin/Desktop/CS3330%20Projects/CjffqwMVCStopwatchFXMLF21/src/cjffqwmvcstopwatchfxmlf21/Model.java</file>
            <file>file:/C:/Users/Colin/Desktop/CS3330%20Projects/CjffqwMVCStopwatchFXMLF21/src/cjffqwmvcstopwatchfxmlf21/AbstractModel.java</file>
            <file>file:/C:/Users/Colin/Desktop/CS3330%20Projects/CjffqwMVCStopwatchFXMLF21/src/cjffqwmvcstopwatchfxmlf21/Controller.java</file>
            <file>file:/C:/Users/Colin/Desktop/CS3330%20Projects/CjffqwMVCStopwatchFXMLF21/src/cjffqwmvcstopwatchfxmlf21/View.fxml</file>
        </group>
    </open-files>
</project-private>
